{
    "uvs":[],
    "vertices":[7.5,0,0,6.75,1.54857e-07,1.29904,5.25,1.54857e-07,1.29904,4.5,2.18984e-23,1.83697e-16,5.25,-1.54857e-07,-1.29904,6.75,-1.54857e-07,-1.29904,3.75,6.49519,-7.74287e-07,3.375,5.84567,1.29904,2.625,4.54663,1.29904,2.25,3.89711,-4.64572e-07,2.625,4.54663,-1.29904,3.375,5.84567,-1.29904,-3.75,6.49519,-7.74287e-07,-3.375,5.84567,1.29904,-2.625,4.54663,1.29904,-2.25,3.89711,-4.64572e-07,-2.625,4.54663,-1.29904,-3.375,5.84567,-1.29904,-7.5,6.55671e-07,-7.81621e-14,-6.75,7.44961e-07,1.29904,-5.25,6.13827e-07,1.29904,-4.5,3.93402e-07,-4.67135e-14,-5.25,3.04112e-07,-1.29904,-6.75,4.35246e-07,-1.29904,-3.75,-6.49519,7.74287e-07,-3.375,-5.84567,1.29904,-2.625,-4.54663,1.29904,-2.25,-3.89711,4.64572e-07,-2.625,-4.54663,-1.29904,-3.375,-5.84567,-1.29904,3.75,-6.49519,7.74287e-07,3.375,-5.84567,1.29904,2.625,-4.54663,1.29904,2.25,-3.89711,4.64572e-07,2.625,-4.54663,-1.29904,3.375,-5.84567,-1.29904],
    "metadata":{
        "uvs":0,
        "vertices":36,
        "generator":"io_three",
        "type":"Geometry",
        "version":3,
        "materials":1,
        "faces":36,
        "normals":36
    },
    "materials":[{
        "colorEmissive":[0,0,0],
        "shading":"phong",
        "depthWrite":true,
        "transparent":false,
        "DbgIndex":0,
        "wireframe":false,
        "doubleSided":false,
        "colorSpecular":[0.5,0.5,0.5],
        "DbgColor":15658734,
        "opacity":1,
        "DbgName":"Material.001",
        "visible":true,
        "blending":"NormalBlending",
        "colorDiffuse":[0.706337,0.607707,0.0107907],
        "specularCoef":50,
        "depthTest":true
    }],
    "faces":[35,0,6,7,1,0,0,0,0,0,35,1,7,8,2,0,1,1,1,1,35,2,8,9,3,0,2,2,2,2,35,3,9,10,4,0,3,3,3,3,35,4,10,11,5,0,4,4,4,4,35,0,5,11,6,0,5,5,5,5,35,6,12,13,7,0,6,6,6,6,35,7,13,14,8,0,7,7,7,7,35,8,14,15,9,0,8,8,8,8,35,9,15,16,10,0,9,9,9,9,35,10,16,17,11,0,10,10,10,10,35,11,17,12,6,0,11,11,11,11,35,12,18,19,13,0,12,12,12,12,35,13,19,20,14,0,13,13,13,13,35,14,20,21,15,0,14,14,14,14,35,15,21,22,16,0,15,15,15,15,35,16,22,23,17,0,16,16,16,16,35,17,23,18,12,0,17,17,17,17,35,18,24,25,19,0,18,18,18,18,35,19,25,26,20,0,19,19,19,19,35,20,26,27,21,0,20,20,20,20,35,21,27,28,22,0,21,21,21,21,35,22,28,29,23,0,22,22,22,22,35,23,29,24,18,0,23,23,23,23,35,24,30,31,25,0,24,24,24,24,35,25,31,32,26,0,25,25,25,25,35,26,32,33,27,0,26,26,26,26,35,27,33,34,28,0,27,27,27,27,35,28,34,35,29,0,28,28,28,28,35,29,35,30,24,0,29,29,29,29,35,30,0,1,31,0,30,30,30,30,35,31,1,2,32,0,31,31,31,31,35,32,2,3,33,0,32,32,32,32,35,33,3,4,34,0,33,33,33,33,35,34,4,5,35,0,34,34,34,34,35,0,30,35,5,0,35,35,35,35],
    "normals":[0.774597,0.447214,0.447213,-1.49012e-08,1.17577e-07,1,-0.774597,-0.447214,0.447214,-0.774597,-0.447214,-0.447214,1.49012e-08,-1.17577e-07,-1,0.774597,0.447214,-0.447213,6.33594e-08,0.894427,0.447213,1.98682e-08,9.17673e-08,1,-6.31379e-08,-0.894427,0.447214,-5.89287e-08,-0.894427,-0.447214,1.98682e-08,-9.17673e-08,-1,6.33594e-08,0.894427,-0.447213,-0.774597,0.447214,0.447213,4.96708e-09,1.00371e-07,1,0.774597,-0.447214,0.447214,0.774597,-0.447214,-0.447214,-2.48353e-08,-1.34783e-07,-1,-0.774597,0.447214,-0.447213,-0.774597,-0.447214,0.447214,-2.48352e-08,1.34783e-07,1,0.774597,0.447214,0.447214,0.774597,0.447214,-0.447214,4.96705e-09,-1.00371e-07,-1,-0.774597,-0.447214,-0.447213,6.33594e-08,-0.894427,0.447213,1.98682e-08,9.17673e-08,1,-5.89287e-08,0.894427,0.447214,-6.31379e-08,0.894427,-0.447214,1.98682e-08,-9.17673e-08,-1,6.33594e-08,-0.894427,-0.447213,0.774597,-0.447214,0.447213,1.49012e-08,1.17577e-07,1,-0.774597,0.447214,0.447214,-0.774597,0.447214,-0.447214,-1.49012e-08,-1.17577e-07,-1,0.774597,-0.447214,-0.447213]
}