{
    "uvs":[],
    "vertices":[1.25,0,0,1.125,2.58096e-08,0.216506,0.875,2.58096e-08,0.216506,0.75,3.64973e-24,3.06162e-17,0.875,-2.58096e-08,-0.216506,1.125,-2.58096e-08,-0.216506,0.625,1.08253,-1.29048e-07,0.5625,0.974279,0.216506,0.4375,0.757772,0.216506,0.375,0.649519,-7.74287e-08,0.4375,0.757772,-0.216506,0.5625,0.974279,-0.216506,-0.625,1.08253,-1.29048e-07,-0.5625,0.974279,0.216506,-0.4375,0.757772,0.216506,-0.375,0.649519,-7.74287e-08,-0.4375,0.757772,-0.216506,-0.5625,0.974279,-0.216506,-1.25,1.09278e-07,-1.3027e-14,-1.125,1.2416e-07,0.216506,-0.875,1.02304e-07,0.216506,-0.75,6.55671e-08,-7.78559e-15,-0.875,5.06854e-08,-0.216506,-1.125,7.25411e-08,-0.216506,-0.625,-1.08253,1.29048e-07,-0.5625,-0.974279,0.216506,-0.4375,-0.757772,0.216506,-0.375,-0.649519,7.74287e-08,-0.4375,-0.757772,-0.216506,-0.5625,-0.974279,-0.216506,0.625,-1.08253,1.29048e-07,0.5625,-0.974279,0.216506,0.4375,-0.757772,0.216506,0.375,-0.649519,7.74287e-08,0.4375,-0.757772,-0.216506,0.5625,-0.974279,-0.216506],
    "metadata":{
        "uvs":0,
        "vertices":36,
        "generator":"io_three",
        "type":"Geometry",
        "version":3,
        "materials":1,
        "faces":36,
        "normals":36
    },
    "materials":[{
        "colorEmissive":[0,0,0],
        "shading":"phong",
        "depthWrite":true,
        "transparent":false,
        "DbgIndex":0,
        "wireframe":false,
        "doubleSided":false,
        "colorSpecular":[0.5,0.5,0.5],
        "DbgColor":15658734,
        "opacity":1,
        "DbgName":"Material.001",
        "visible":true,
        "blending":"NormalBlending",
        "colorDiffuse":[0.706337,0.607707,0.0107907],
        "specularCoef":50,
        "depthTest":true
    }],
    "faces":[35,0,6,7,1,0,0,0,0,0,35,1,7,8,2,0,1,1,1,1,35,2,8,9,3,0,2,2,2,2,35,3,9,10,4,0,3,3,3,3,35,4,10,11,5,0,4,4,4,4,35,0,5,11,6,0,5,5,5,5,35,6,12,13,7,0,6,6,6,6,35,7,13,14,8,0,7,7,7,7,35,8,14,15,9,0,8,8,8,8,35,9,15,16,10,0,9,9,9,9,35,10,16,17,11,0,10,10,10,10,35,11,17,12,6,0,11,11,11,11,35,12,18,19,13,0,12,12,12,12,35,13,19,20,14,0,13,13,13,13,35,14,20,21,15,0,14,14,14,14,35,15,21,22,16,0,15,15,15,15,35,16,22,23,17,0,16,16,16,16,35,17,23,18,12,0,17,17,17,17,35,18,24,25,19,0,18,18,18,18,35,19,25,26,20,0,19,19,19,19,35,20,26,27,21,0,20,20,20,20,35,21,27,28,22,0,21,21,21,21,35,22,28,29,23,0,22,22,22,22,35,23,29,24,18,0,23,23,23,23,35,24,30,31,25,0,24,24,24,24,35,25,31,32,26,0,25,25,25,25,35,26,32,33,27,0,26,26,26,26,35,27,33,34,28,0,27,27,27,27,35,28,34,35,29,0,28,28,28,28,35,29,35,30,24,0,29,29,29,29,35,30,0,1,31,0,30,30,30,30,35,31,1,2,32,0,31,31,31,31,35,32,2,3,33,0,32,32,32,32,35,33,3,4,34,0,33,33,33,33,35,34,4,5,35,0,34,34,34,34,35,0,30,35,5,0,35,35,35,35],
    "normals":[0.774597,0.447214,0.447213,7.45057e-09,1.24746e-07,1,-0.774597,-0.447214,0.447214,-0.774597,-0.447214,-0.447214,-7.45057e-09,-1.24746e-07,-1,0.774597,0.447214,-0.447213,9.39591e-08,0.894427,0.447213,1.49012e-08,1.37651e-07,1,-9.47068e-08,-0.894427,0.447214,-9.47068e-08,-0.894427,-0.447214,1.49011e-08,-1.37651e-07,-1,9.07192e-08,0.894427,-0.447213,-0.774597,0.447214,0.447213,-1.49012e-08,1.11841e-07,1,0.774597,-0.447214,0.447214,0.774597,-0.447214,-0.447214,0,-1.37651e-07,-1,-0.774597,0.447214,-0.447213,-0.774597,-0.447214,0.447213,1.64093e-14,1.37651e-07,1,0.774597,0.447214,0.447214,0.774597,0.447214,-0.447214,-1.49012e-08,-1.11841e-07,-1,-0.774597,-0.447214,-0.447213,9.07192e-08,-0.894427,0.447213,1.49011e-08,1.37651e-07,1,-9.47068e-08,0.894427,0.447214,-9.47068e-08,0.894427,-0.447214,1.49012e-08,-1.37651e-07,-1,9.39591e-08,-0.894427,-0.447213,0.774597,-0.447214,0.447213,-7.45057e-09,1.24746e-07,1,-0.774597,0.447214,0.447214,-0.774597,0.447214,-0.447214,7.45057e-09,-1.24746e-07,-1,0.774597,-0.447214,-0.447213]
}